-0.7177269592599475,-0.1979470008364547,0.3266737299684852
-0.1907630220694495,-0.7338773610952082,0.4282553707778703
-0.3399510595498034,0.8045951294726953,0.19723196007158977
0.06769301219992706,-0.06885049781150997,0.9867976710181501
0.35512980838599273,0.3900043757994426,-0.687902439366236
0.7991775849014446,-0.18950315528123712,0.37530011009533776
-0.3362237752813423,-0.6604670520043628,-0.5763915637215371
0.1831549813940406,-0.2910496020926699,0.623926200320929
-0.8317369556513577,-0.2739125924191898,0.004127496302185946
-0.6318092329282999,0.5991397689936093,-0.4109948891887682
0.3993275959004001,-0.3319445442700936,-0.264429483931863
0.13242047558470937,-0.04364452026722318,0.21671721843693798
0.09836140364020035,-0.7764320435290959,-0.5481208317593408
-0.051070624953364493,-0.7824195745219741,-0.44291674051748525
0.4697382988655206,0.6008373913222668,-0.283375610205531
-0.9456039895708236,-0.10476425326067092,-0.20356537367213232
-0.3888975289441389,0.21267791999316873,0.23554492530860044
0.0790547236565757,-0.6480706560420905,0.7293220505182961
0.43763836527886496,0.7605891401047187,0.3395230426288329
0.5734522227306157,0.028223971577298643,0.5045729444899903
-0.06430786095670397,0.7888617070313931,0.030435688870645235
0.7220753368498144,0.592468041791413,0.14899855731943462
0.5285015057706381,0.22680683797777157,-0.7832153421045878
0.10158144559181838,-0.01571329252819248,-0.9510872255580622
0.019154178636049547,0.2634473222996691,-0.5795262006616861
0.7432902583235597,-0.20143207041164995,-0.4181997553373578
0.2823495427000871,-0.7447417757378595,0.32016121165180683
0.40050016585020093,0.5158052843582593,-0.18714355619380293
0.16626633189854773,0.20364232842001295,-0.42104723163252966
0.7100462277272156,-0.4087416050971285,-0.5258651450592938
-0.4225949121298144,0.3053434710691947,-0.7604843111173106
-0.16039006545487983,0.10203279326179064,-0.013998802545870891
-0.3620981893039668,0.3886786582494561,0.7553772699453277
-0.9079271047409251,-0.39707519819321974,0.0013944523287112089
0.40279728618727445,-0.6493104146417635,-0.2034457335817344
0.45248074411592015,-0.05431760819649765,-0.378844005569293
-0.10106771935643873,-0.7524080582559332,0.5325881699600838
-0.1962167772967082,0.6852406025607185,0.2511227753797948
0.3956244300798854,0.16589401909761384,0.8069475230957358
0.16878648546105712,0.5633130031935266,0.7978473703590646
-0.3596604100544623,0.4001587475647659,-0.06400303627725315
-0.6581129351693146,-0.28080707737180205,-0.5105733025960816
0.6576257852791858,0.25390298302050957,0.4903383425739919
-0.44069340757359104,-0.5485759326286767,-0.6675891081537793
0.04818981032260438,-0.8663840456964899,0.3075881452415937
0.15426915722182266,0.5490082194820677,0.4218407998484187
0.5191003310104487,0.06531760119808995,-0.3991349507162967
-0.6569791073196174,0.4058435030795938,0.05894418696439288
0.3083815777352535,0.1773622535395358,0.2523090086973178
0.0821004027308563,0.6442103003614594,0.7476820280541151
-0.05805274116369045,0.6295379982761895,0.3429289433721904
0.028339563467720135,0.7704345669203009,0.07866561744469505
0.26492109268248676,-0.5256379285222227,-0.340980643357745
0.407713630159644,0.31515311299395526,0.8415016500798417
-0.10476660616849308,0.3945160837493165,-0.25412830058204383
0.3501104604876789,0.29719230091172005,-0.5628504715011837
0.3173788981134741,-0.4341210370345799,0.20002454957348567
-0.052441133937123414,-0.4781023170862874,-0.014871281038334617
0.6250179384730573,0.5472088795063847,0.4815829146572017
0.4524703855374201,0.46825200720861426,0.7397925300496426
-0.21238564112208422,-0.052632250726539966,-0.6196325977899769
-0.0008978274163754169,0.09391261191176382,-0.22566542959650443
-0.4627020434057558,0.41447071637325344,0.08778734766410931
0.3977694059068978,-0.09213627946763087,-0.12727793548803265
0.7114165109910293,-0.0650400579091487,-0.3287267976485456
-0.13211469711361634,-0.13502153593408361,0.6726017110120747
0.43613500094152774,-0.7528750647470488,0.2923282885780033
-0.36279097865336246,0.6611986509635552,0.18101336139260565
0.25773696087257486,-0.05306895111777578,0.05397287491279152
0.3709841431244606,0.2627740981449434,-0.636211188126622
0.07249009278871549,-0.6951076406771184,-0.1591086400235742
-0.21553782832701635,0.09326657728486613,-0.5896181182373768
-0.11329231831670834,0.34229596735407114,0.686635793496006
-0.2843657340470734,0.08278844634924916,0.37642222374390955
-0.13905748407868052,0.40880704951220087,-0.6264295158869991
0.09164533123763452,0.14068068642115567,0.0019389614640198504
0.17171075392758303,0.2833232967686777,-0.15291532610657074
-0.35130148819209495,0.35305990011222604,0.1282564363248106
0.28914313324975544,0.6205258784319165,-0.29014628192807984
-0.13966191017814328,-0.6507115702228954,-0.1578105042879753
-0.18675746063826765,0.5487145285492843,0.5399793255588451
-0.43508761864122364,-0.6620544518467288,0.17108704695818516
-0.847160811136422,0.1936529043798258,0.4909520954594589
-0.2926998591873763,0.38363719505443733,-0.815312205949638
0.1440048117333309,0.5145544972320526,0.5788629774454254
0.6056389214222822,-0.2603785054304944,-0.5392984778775938
0.08240740801194095,-0.09559072333783766,0.051483802868422336
-0.04901872750130262,0.3649206210206232,0.363837507094517
0.22890689551337914,0.16203388648438483,-0.023091913278131045
0.2324617666246255,-0.6442357701245882,0.3656331544118696
0.7103233919048257,-0.33639525827243116,-0.5337573879291955
-0.3388982126580917,-0.752436771411366,-0.4518525137234048
-0.4920418385484791,-0.18896364034857324,0.4857519920426912
-0.07080526519632957,-0.44822213631734376,-0.12284575727643
-0.029074649739964323,-0.04590585617888416,-0.7549091533015972
-0.3025796948421465,0.3685323942993349,-0.26878088380743087
0.8442124123706105,0.3313888093667609,-0.29315693609437676
-0.2594244676551921,-0.14431243424187892,-0.06986487856835599
-0.855441150165029,0.2958670263750333,-0.09389079977876161
0.7987287344939613,-0.1855678888253668,-0.11126587886032399
0.014303237683930874,0.47464526887983655,-0.14619643988049677
0.8332389543091604,-0.2910981400225672,0.10267955911061973
-0.8267008524376319,0.2736125252955148,-0.05309754309108307
0.17789910184269556,-0.11129871841472216,0.5729119202861995
0.6741439316184104,0.3201414745224192,-0.23487750227152532
0.3135387333785733,0.5080972298960404,0.22290109350890502
-0.38076605251200635,-0.20747108910979314,-0.6769568052921473
0.7347006170585119,-0.06451614769299654,-0.22611096815918294
0.6055426173920455,0.012764184463123208,0.3008109687169095
-0.37835837716422005,0.04473185765488483,-0.9019081571580113
0.48441384934056436,-0.03637198655148592,-0.3574951221676609
0.6476410470966699,-0.3350473941804117,0.1254040941228558
0.4863977860476617,-0.047497811736687975,0.03719659524421323
-0.10636636740597706,0.27805130408736173,0.8557889606516014
-0.3973560090462028,-0.11143159948412963,0.30406244581185277
-0.7333808641431865,0.47442314248752787,-0.42691547597147844
0.7382949071637551,-0.4107250651073181,0.32658869115606004
-0.47310618770465696,-0.2792222291206339,0.5444468815587122
0.010730751232473131,-0.5272383371851034,0.4627313335539908
-0.3597991198350404,0.6859274017296579,0.5494642852814132
-0.06092725375192547,0.07167344425062103,0.41895908506542934
0.30245495485596474,0.7192980666600766,-0.45045325121217994
0.47785855636580793,0.8377818133286352,0.03667807319398605
-0.45040832924758006,-0.5368767755052745,0.19290813693280986
0.28196263889759804,-0.7029098764505015,0.32672770959760733
0.6608136934924078,0.6185164116251691,0.19866844307499906
-0.21741982540628815,0.12692156340460614,-0.5326082023559907
0.21583780308092806,0.2070313668592846,-0.21824970227315107
-0.32098904578012183,-0.4288079552757966,0.437403785496719
0.5076355668665901,-0.4581506878934955,-0.5574408162094135
0.0721832796643163,0.005134355432246797,-0.7175675434597287
0.3150583946922698,0.07950865842166294,-0.4350533662598473
0.6299539232665439,-0.7115821408873126,0.11460010170758837
-0.21588807246330516,0.4263844367503836,-0.1686774654829181
-0.2935676892784621,0.87880502026396,0.03390782627591344
0.26555998673724,-0.8841906986285274,0.0004482449577057376
0.2088925431008741,-0.4371337181241779,0.8148401118800644
0.30019355014540616,0.11534704798339826,-0.6670472518123388
0.5845588472423682,-0.6550730466887817,-0.2286285671378349
-0.33283722342759375,0.014804476022533243,-0.15064113471072277
0.42407868997555687,0.7526630097924097,0.25260208004229223
0.5832069424827625,-0.6006108419189575,0.1355134631263333
-0.753219326930431,-0.11947209515800603,0.5362378333662631
-0.3869649701225981,0.4158260524053848,0.11368766489521658
0.08324385674751437,-0.8101044201831287,0.0461194860637219
0.14157448631926428,0.827629543605089,-0.29041097424107143
-0.9042459032545319,-0.02183213658900996,0.172106422459601
-0.2867269063332472,-0.5311249591437198,-0.48889533343565533
0.4507126471104612,0.29857608071903197,0.12219733142835265
-0.9461830132888343,0.18544558241014128,0.19286218454080306
0.6107696975505161,0.09493376296294137,0.2146594213089419
0.5259094589212411,0.23343676035586344,0.4243218594641991
0.6260817273540669,-0.09175190318124353,0.15354989733997537
-0.24356901087141397,-0.7694050694560919,0.5156786367395605
-0.6314433732842291,-0.38607029993210323,0.48574419771233646
0.5905561296691004,-0.06292664270261618,-0.5565710041046322
-0.7718628626906069,0.17440559541616582,-0.04101160993776364
-0.4326631722621244,0.5084558997904282,0.2685984820031838
0.2775582190529612,-0.1706969291951108,0.09710056264871887
0.43760125442137415,-0.6108954550893242,0.4936215448818266
0.05410729755329068,0.18692066153585446,-0.16019010309696993
-0.05505738147149424,0.9197352727115315,-0.016052532031436247
0.23497812670401164,0.5081395173191063,-0.5210432302111396
-0.9174771603558203,0.19740138929745674,0.25072656257751447
0.2383454353847556,-0.09138314591858372,-0.5618871777394037
0.8920202486484223,-0.1503266846515608,-0.3871328582033096
-0.4178744474081865,0.23169813486838153,0.4586296041336496
-0.45049878052210074,-0.07959431094837549,-0.46161749804147695
-0.0045666418267015525,-0.6284305127526125,-0.347702115221953
0.325172306592796,-0.054440133593318105,-0.7675569777304397
-0.12162610394375284,0.8282375542123859,-0.166617457374234
0.6625370251510867,-0.5211485524858951,-0.2907123280966499
0.31414038624719276,0.08018095952857583,-0.6863658778770539
0.1591510864577512,-0.37894107581051045,0.7062605933631482
-0.9464141363549858,-0.24952680933522306,-0.1292914158118342
-0.3942704350458258,-0.7615937876266041,0.4091245540840806
0.41580972980587394,-0.443699262017669,-0.7336959963203791
-0.28563239410647545,-0.20033339857082175,0.05557956654592947
0.21470569348248378,-0.23289084449364156,-0.20771844859796826
0.765577175082273,-0.4882054854863798,0.015504881710073444
-0.070564653765637,-0.464928723004138,-0.47459305995413714
0.028425092920788125,-0.8399881295874703,-0.11738228373176385
-0.6488993336160148,-0.5690514493231316,0.4917715010935886
-0.5675917953692615,-0.18357451048566178,-0.30934745044805695
0.21726718427625868,-0.46909926720610173,0.49513255104002113
-0.11185726007929257,0.14447491948030217,-0.6671019851426342
-0.2699976630895157,0.4744101512940734,0.7542728851285966
-0.222372262789718,-0.10899958361749926,0.854198442550066
0.14731721202331738,0.2782642825978407,0.8246987507612541
-0.054901476561771856,-0.2705036443685125,0.6028284988851582
0.6192128917208201,0.3275350762635492,-0.1533093792164459
-0.5606861812162789,0.6602710431269244,-0.021439889194835395
0.010559271110192038,0.5285926520461232,-0.3271637449150734
-0.7300912474281348,0.3109888242236188,0.13909251415046361
0.035981445632927385,-0.6951021892175377,-0.7124082673730857
0.21330656307441456,0.24596626983928427,0.08761743740733587
0.3861658500840189,-0.26286695267721455,-0.8493220818547059
0.10451499274372636,-0.015813748777945218,0.34681934344534365
-0.0603946423384681,0.4711863299563731,0.48066133352648943
-0.40776891443194585,-0.17320024709207302,-0.7770123974772709
0.3456730189841498,0.4039772671146627,0.7431149690591284
0.13955865283124666,0.009865472469882059,0.1776565091426775
-0.3346853128307245,-0.5535300548461548,0.6527099174240688
-0.189465134792245,0.1394143678912432,-0.9386686176097151
-0.3074535461285852,-0.16278739769869857,-0.748835171625312
-0.06873071929496882,-0.371712426829214,-0.4584152696439091
-0.40260132920416114,-0.8386297060805165,-0.3282134475891639
0.6819037343501279,0.41926657662165073,0.268327729579856
-0.14757319353413187,-0.3992381440720861,-0.1811702574676111
-0.6334207959262079,0.05759539538250817,0.14561128951493588
-0.7218289825323331,-0.5238655866914249,0.4189594570417619
-0.8075858372930735,-0.2926512625637023,0.4332508857365097
0.017549771802911285,-0.01797797199884373,0.409704662325546
0.5961865422423224,-0.12264421578256976,0.3987355038200363
0.2958455707324201,-0.10494382163867402,-0.3265623209294843
-0.26179208322711733,-0.2053781743664171,0.009356700900484547
-0.17830871959302882,0.23203196125857734,-0.20347992731570128
-0.1576574839929068,-0.5738945892255615,-0.023967230116657436
-0.033224006745493695,-0.372328386318638,0.1040367124211858
0.20967542486644408,0.14609416815403034,0.8756372983097526
0.7806574492067399,0.03643790049324106,-0.4835240994218314
0.12636258572873416,0.03238405622909659,-0.039092686129660034
-0.43877369684958606,-0.2092811030313506,-0.030464207046286083
0.1959072592254432,0.38899520271677795,-0.17062652322471794
0.8048686548493345,0.16350234409971784,0.5497830874446007
0.7372469526977683,-0.4551462059469593,0.24506732201047662
0.5829540336800536,-0.10424339802665987,-0.3608926516432611
0.23136331649312894,-0.6370953211476955,-0.17597769294294172
0.39632588088703485,0.06464336741922809,-0.10801802418666273
-0.6232471419627524,0.5531825222107963,0.5296225773947139
-0.2971992324743909,-0.3661909631963646,-0.2110069218401099
-0.20950583803491116,-0.47154955002313775,0.5641528715462203
0.6825300095434658,0.08762621006487878,0.011484195863343727
-0.4975282617255164,0.3984401091431852,-0.6131624762550716
-0.6010622064260881,0.19664509783356626,-0.264632681226541
0.7373759770120503,0.23787154269500035,0.621890159122184
-0.27735934410301233,0.305439284892856,0.3842524659445898
0.5207491373561807,-0.2953569269696894,-0.2995413937712043
0.06024570487770621,0.23378195655696066,-0.07515041386828233
-0.48245376325327055,0.2420108890124057,0.029500368969056296
0.43150457759208616,-0.5801149443691639,-0.02455887750081445
0.2877793603277888,0.07048367118044485,0.2749254462674574
-0.5198719933485295,0.5169208397609525,0.06838449149519506
-0.18740820348171727,-0.6191954499413778,0.002398968594065572
0.9443752933205167,-0.1344747813284374,0.009610112361027602
-0.37389486760000207,0.14104942100082743,0.321077125426354
-0.5779609141401294,0.6252350340614744,0.42298934907212865
-0.6375045303903687,0.4822245738613508,-0.509168790831734
-0.35172969238788027,0.08421089591530308,-0.8920459065565307
0.13639881985858254,-0.29276582002093043,-0.5904976466241237
0.5642505681027443,-0.2737478230831145,0.44629717817116266
0.7254347042105367,-0.02680006796282833,-0.2173492828565942
0.27695401108972534,-0.6784424399017694,0.10163055383905181
0.5326799933486445,-0.13995361161032036,0.7214831129677838
-0.05360114358336031,0.011789381738840869,-0.32958290564858556
-0.4972170759049656,-0.19522912456215535,0.6896849974100326
0.6936913019756576,0.29930623985729476,-0.5471503636318454
-0.28915557829143307,0.8179621552196624,-0.09908255886240122
0.7257103092567411,-0.200987158515309,-0.6106296781080736
-0.2657879033619115,0.26695135739924697,-0.741981128087091
0.6000357912799011,-0.7515595891672279,-0.030840592914990153
-0.5948486500304624,0.36299245644228895,0.5025320838735394
-0.5216498424401679,0.5767132869025849,-0.21809257706807053
-0.4706947740853402,0.54592415679156,-0.5846037764285522
0.287979120458905,-0.3938573510079567,-0.5773494058554707
-0.3291458986766993,-0.7386088318755382,0.09295787286062096
0.1100585189979154,-0.8651805161162827,-0.1276692141868632
-0.4982005672100739,-0.424682823309424,-0.4262882916128781
0.7295964796251928,0.35311832596907683,0.135280819243481
-0.24920575782880913,-0.39456145997931,-0.7216978733640486
-0.7626873805002662,-0.11248076760598083,0.04239865196227823
0.7531135414889085,0.5186629857754027,-0.07208459434751571
-0.011570657202863245,0.031820959398909145,0.28298026214292293
-0.14626860393110963,0.6405479201402605,0.4653276734104147
-0.3919694096202641,-0.14506898350705674,-0.6937562276900081
0.03849200203017095,0.2517118689281717,-0.3173858630808072
0.20925558367184488,-0.777513200631969,-0.156160505251796
0.19361294895811065,0.13972923780049798,0.5000948280530437
-0.5438039628819411,0.14661668741404488,0.66111428730006
-0.4552539599521304,0.4211067133266391,0.7421563346429991
-0.12513037847208727,0.013185396400408929,-0.7520804148281096
-0.6334406661054104,0.26408851535120226,0.39250093465462055
-0.1648212585486762,-0.8844420083966416,0.3822116579359054
-0.6919196940974143,-0.2776481968011884,-0.5125066146800504
0.03213391396496864,-0.7991228954728862,-0.42739445021531397
-0.9662457899313112,-0.024612411035772906,0.24634577991088555
-0.3830676782841709,0.5036475913656858,-0.06459677066339095
0.5613161225134122,-0.38906872953986477,0.372422152446536
-0.07996741923128434,0.9089753273790946,0.24068247822522645
0.584028122094811,0.5961474130988209,-0.08336817622354106
0.657558764630674,0.06930934160583717,0.33185665223047084
0.07724658959663792,0.4152331749737384,0.30824968093595745
0.18402082130080605,0.0716134825458,-0.8146226437255814
0.1874900609570783,0.14653770034518035,-0.2866334334750589
0.08582037958913183,-0.6399120432147721,0.19234043818892543
-0.026810814266245476,0.6525796540311435,-0.5614578705281913
0.2905469227670932,-0.593760172882526,0.3511704398932169
0.7917138937861896,0.46478341741300766,-0.26670240539037726
0.6102554505321485,-0.3667262690183048,-0.44682153841821626
0.1546370291665994,0.6613654521095698,0.23796970982245338
0.06685070611615129,-0.5164035125805244,0.7038260155689953
0.5123251417150835,0.3984203754019847,-0.5551146503114932
-0.5557543163713304,0.2873518992658465,-0.4493941693266847
0.41493083317774787,0.3729203538935508,-0.4886366402361055
0.04682158477954677,0.9533608270101805,-0.047676695954943886
0.2385652354683376,-0.47491439974061844,0.14173911869947003
0.7330758447547928,0.5554722932580858,-0.19636406066461917
0.3371755080107309,0.39016365503412387,-0.3499841029864813
0.4959196294770266,0.5931724297788495,0.16936232217073682
-0.24988252092549407,-0.5714028285874089,0.4348959411857252
-0.1845756970380759,0.2274333662974026,-0.12075737569777421
0.3045227083614294,0.7638229125346901,0.1851304637368648
-0.865623517022917,0.06043443541468901,0.04508791748704558
0.9290959298756696,0.25603637931844764,0.05061417025321076
-0.25127377736990475,-0.39389330152463875,0.6795946490930672
0.8693675534663375,-0.02103981047461952,0.43553392368319943
-0.09092315581765587,-0.41815946061656517,-0.6108680160846492
-0.08499102385058634,-0.07767250508537006,-0.4510757947762164
0.472845181525523,-0.6715407739714404,-0.31821496524592074
-0.16105251063767687,0.1234504075246508,-0.2811240563257831
-0.17170029958804212,-0.8286748099432097,-0.14777875768576018
-0.3105326743052245,0.011962829857385863,0.8328524897956875
-0.13123345500482622,0.6780607472265909,-0.39497360647570684
-0.07768291574845107,-0.8888101343215332,0.38122174682353643
-0.2738479865456625,-0.7738559051654903,-0.02603596945732721
-0.7595802414379375,-0.3158181023672692,0.22431894051225237
0.7699946795250366,-0.12211626763199328,0.44755691193529984
0.5460955812020377,0.4540204467570813,-0.2995148311294371
0.3695176422792527,-0.5322708399999765,0.5947653714033003
0.12045686826599232,-0.6948743338711535,0.1265912095330854
-0.6247923818096666,-0.32854500970036915,0.029152615101740442
0.8129029529166498,-0.4419878583855128,-0.14982283219898013
0.23429167669021578,-0.4176351776239006,-0.31744647458826863
0.17467662170656922,-0.7962794693068147,-0.17405972920128093
0.4828978855415904,0.05740884655481716,0.8502404078410127
-0.25237205127699786,-0.06585220659648199,-0.02399998999911401
-0.17378767087102276,0.14910369665826415,0.8895285081032904
-0.5669608839916407,0.6366702476944667,-0.23812795476471868
-0.4238414060975188,-0.625204304212114,-0.03723573589968881
0.040423317128227346,-0.09746216952158523,-0.652930427739396
-0.1865571544291829,-0.2778852221623801,-0.4756091293253701
0.6487817344813467,-0.08841345179396111,-0.6977081258440121
0.46043255663683036,-0.4353119463622839,-0.712004222467617
-0.3230567105578477,-0.2179133219294025,-0.8645214395396811
0.1510295445233022,-0.7264069381045686,-0.26797980878727656
-0.5225973086281214,-0.3135187921528381,-0.3509907446396334
-0.03099281503342246,-0.579788120076716,0.19608239553188717
0.8220693939349212,-0.15534958975886975,0.280083206305236
0.5878532206911288,0.27066159068314893,0.14453402803000986
-0.6001730731301216,0.22259352659733303,0.2523015795996022
0.23936735694099853,0.7948405704013906,-0.16617254532679862
-0.39804646691552503,-0.6512508440987582,0.5281692216357369
-0.8180347083347007,-0.2689637668944248,-0.40346205880598807
0.2477289139410354,-0.30272591173298846,0.8182052883811384
-0.036705573250199276,-0.3212695841319215,0.27162749056386665
0.12386050193590874,-0.46031467176173235,-0.08671854843023885
-0.30025688121279803,0.9292227263474481,0.0816436714798604
0.195677785265284,0.022811490342575742,-0.9731342390029437
0.1040153346574791,-0.5518301462283591,0.4495111539876695
-0.31604207287264274,-0.1548637907917609,0.32704502918291367
0.08948113690320042,0.803270361234,-0.43387588589371895
0.08920600227128671,-0.13201633147600822,-0.8140867410764591
-0.1784902423331378,-0.11405144681214903,0.8919069155503407
-0.09764206812785138,0.15406545560524051,-0.7372730538149805
0.26419453409816734,-0.12780293632135692,0.6979198752478148
-0.6848131869853955,-0.04839748361331793,0.512442468110461
0.060992436510501284,-0.6335614061566288,0.7675627592320552
0.2970781627112274,0.18319698273481136,0.033463179557534445
-0.563256862968876,-0.27548008195351403,0.042921893986535606
-0.33257596152438956,-0.6552287779109726,0.5860764433001479
-0.5649924373324176,-0.1527931954997096,-0.7476373273607819
-0.16061313487566117,-0.22416592849039055,-0.8343074446361997
-0.19527815239534319,0.4414050774016942,-0.010341230499242016
0.3611007085082012,-0.11947075810812152,-0.26676350762626355
-0.3214776931573684,0.20219635166834968,0.25295163204783483
-0.10233767329543755,0.7920856300421918,-0.5810058236795028
0.8881411903577523,-0.04415465915614916,-0.178382429184292
-0.35440843189552074,0.1779416135828943,-0.4401755392269755
-0.18493184500015608,-0.5186123724269281,0.0120982857917952
0.1963428828390845,-0.4006331865631981,0.8142697879326825
-0.5020541554625705,0.24385713139066797,0.4336455955191973
-0.38653143221491504,-0.3287924638656043,-0.02441720500545164
0.23464290494471524,0.7708955327744986,0.3656309211276638
0.037849640277045425,-0.4027576377514774,-0.13897220014516565
0.3376100145415028,-0.6366917620098284,-0.46516460014599426
0.6706850437984243,-0.5186429113065028,0.28243907169022164
0.3394234984841278,0.8841256095804497,0.3130795082832969
0.06682110408328357,-0.42805379661283116,0.058492066540474515
-0.08040700360426585,-0.904555374259828,0.0724412094534182
-0.23322805671533156,0.5842074957255198,-0.48528900195677527
0.4191756374702417,-0.6257654275627469,-0.11672671091766136
-0.2603137142590254,-0.7515958603194443,0.017858150080951946
0.7226011315718615,-0.3480200040351721,0.512361935956587
-0.8176732998663643,0.27635491454080857,-0.17781973788690228
0.7222870235381954,0.13191694623908923,0.18511519829622913
0.07458575841917155,0.43347866921850037,0.16707318472879693
0.6878260810381696,0.1865180697714535,0.575838542014204
0.19129462129881847,-0.3615305964903882,-0.6979948239261068
0.2651099860281241,-0.3237692619532003,-0.5059991480697899
-0.6918632909130924,-0.19944242938261678,-0.341168858537541
-0.2517620374199741,0.6742610457062255,0.20276766180535707
-0.11034384761016591,-0.7251339686163013,0.09926490640548301
-0.11788181324009245,0.20113666989779505,0.20535124066731975
0.2004864023999933,-0.772428282469584,-0.28103634153812695
0.15469190316390602,-0.29981444546324726,-0.6991711432811263
0.02311786149011857,-0.7231372374670466,0.311537396438325
-0.0885016344905686,-0.26271355653823186,-0.7471329619848719
0.44622802836135883,0.3043419146453445,0.4748022635690336
0.4688964726222357,-0.2893780156497607,0.40308230101578657
-0.733668751023328,-0.42389047645742045,0.283160410310928
0.42447679912645236,-0.41573617538008467,0.13394042088225255
-0.4225543075415282,0.5090308411651285,0.17444636233928942
0.5633924459786676,0.1650080616171133,-0.5085000105825639
0.1383524400999318,0.28249942869640055,-0.05700195200357315
-0.6599114682728048,-0.38801154748346595,-0.2527369084453899
-0.2590365421504999,-0.1370304846128392,0.7351275500096358
-0.46757004924446405,-0.05714264711295588,-0.8178548056434141
-0.8387180022421706,-0.37513519300152315,-0.22037094921890812
-0.1807698900584967,0.6007945654336664,0.6779903794713114
-0.49872953247193885,0.13301625207482243,0.05455538306853093
-0.4589605766036611,-0.5053045132382317,-0.5153950959741289
0.5247660673451426,0.34266949751404535,0.7753336045926538
-0.08976417507401381,-0.1331692721581211,-0.7143447273627174
-0.16232955179595296,0.03356728910559285,-0.486286410461341
-0.11758322201194361,-0.8427341185461408,-0.0819228390263966
0.052912897004622275,-0.747864081352737,0.5979018499021141
0.9795397001082269,0.11281941499704792,0.13652699137707028
0.3960760765258912,-0.38212477555616814,-0.6592782981896269
-0.6484977554669614,-0.4608998942977098,0.1392675225915149
0.8500968221496884,-0.22168862140642967,-0.005150538065064118
-0.5360808279340795,-0.611637753310299,-0.4536720094567041
-0.4127389434453327,-0.5508693427993896,0.4713430724250996
-0.6128366111459083,-0.06386096685483424,0.060144937978398344
0.3513812075240213,-0.4955317684670614,0.6556359990119802
-0.2582162291300456,0.22019210644135662,0.8180794641208052
-0.1346728983828445,-0.046757357036759185,-0.38783556665391966
0.6676520073793559,0.4213810246519243,-0.10862784088187927
0.9408023861196739,-0.1020535216112658,-0.3136600332847204
0.9351405884912463,0.06785811997928119,-0.19038219511947294
0.40609750206680334,-0.1386111649365192,-0.07216799125273668
-0.7636251648708607,-0.3402771331265551,-0.20141338238425552
0.09805519008467646,-0.8923521310537882,0.2905634437699675
0.1899536689748626,0.5879312681137592,-0.6182869173074004
-0.4096932060267844,-0.5825594889069613,-0.4919545521358942
-0.23346243139332692,-0.34727446299206277,0.02660632366863512
-0.781180756462181,-0.11590079277568524,0.38865048291228377
-0.9113451380240678,0.15825034269304805,0.009672055453306221
0.10018600496159162,-0.20898153632192745,0.8839408566180144
-0.46379511536705664,-0.24845154266425368,-0.5841798722241691
-0.43813590602353764,0.2763410519890587,0.31152541509731335
-0.7956393469395401,0.5029012503903189,0.14487873115878708
0.04809686573594597,-0.18370443718850932,-0.18709228678049192
0.10605684947034845,-0.8042948843795904,0.32494714138015807
-0.238553521247175,0.408079574673364,0.018654382645903477
-0.27215572520770165,0.5771384487522616,0.40371785235440755
-0.8678029977815949,0.24104929925463708,0.1359764939651821
0.8446972416499777,0.23772127990261088,0.24691247337685499
-0.06299777574220126,0.5317529204717137,-0.49865596405715695
0.42200479667234453,-0.5147733142491022,-0.18106284224363667
-0.11766966546440705,0.2278807463937324,0.32912498770685295
-0.586095281257494,0.2111116455050267,-0.764593605865914
0.29480383205244387,0.5565547496078079,-0.44735017485799144
-0.08782821747084059,-0.6974876800225195,0.5711789712009013
0.09643897849467306,0.7710360393713348,-0.11095305540052547
0.6510985194906994,-0.18018023192235275,-0.22454534109763824
-0.4911208952522926,0.06405087227649375,0.3360300931424662
-0.35138773105997606,-0.8809201059429653,-0.19548528374402468
-0.6467932985225613,-0.1525512094602183,0.18116315246997655
-0.8975318886250513,0.17219169080904426,0.2670243988148932
0.274003049306719,0.23433287319010082,0.26570224330844505
-0.4181863653662247,0.7680721220342631,-0.3830852695317287
-0.8815517559684596,0.07517157356852114,0.28656844003863147
0.6708567738177573,-0.03208864489041718,-0.6234510803847642
0.06212451235456568,-0.5215744821924845,-0.04683284340641018
0.605487110286569,-0.588064772483118,-0.0664894442511345
-0.33187905184437333,-0.6465879619627869,0.08782581767651589
0.5550097249767973,0.37616434175332747,-0.5660019050282604
0.3510912116593348,0.41328307907607087,0.7266281883187921
-0.23032161879917573,0.8188249350722144,0.4406386941442537
0.6007401030798759,-0.2357460551842262,0.2370008211674528
0.16741977067997688,-0.8559171426087253,0.1311056841590327
-0.7865897007188656,-0.2985049983962047,0.4022444256135855
-0.030678084570775335,-0.3116189491271758,0.43200203253425096
-0.08105224355556699,-0.512418414366252,-0.14580736316896017
0.33729775181777566,0.3740731175012219,-0.03807313358091264
-0.4872939803360022,0.4155686377113398,-0.5824920237682103
-0.3943246174160647,-0.06610896987514811,0.20114111327439335
0.045920318551400476,0.7225025374620165,0.24107932362787568
0.1287600362652688,-0.20051662252599678,0.8930583805490798
0.6496309557942744,0.13054543213886344,0.41611248016395996
0.1969069134328087,0.9032677530697791,0.027050682975934
-0.6413074048241485,-0.561192739827041,-0.11781103924148417
0.46019085693675094,0.6445359996980566,0.3658331858805075
0.6045142458160835,-0.5814635427856378,0.4515638144134418
0.008836663270190963,0.21144733079686662,0.5421838717903024
-0.6093917928566385,0.4082075987855956,0.35557799731361056
0.3309552283339597,0.15081425273894863,-0.6313628460794433
-0.13650955752082253,0.4652381278300749,-0.02357288692272568
0.5325178910388977,-0.21858078241837234,0.6242095620169641
0.6590786774323659,0.30084262277696044,-0.446216868022355
0.5566055315103169,0.44095759268774753,0.6224258483942342
0.6652255116567174,0.17109678520411734,-0.2908558922519827
0.46191534833653014,-0.6255043806199332,-0.26506626495170993
0.714577924972639,0.6819937892211015,0.13132318648572172
-0.7741661574452601,0.29509625280633306,-0.4638152246100841
-0.1037321013487229,-0.20228299624269824,0.411185563553587
0.5874699624925175,0.3895941393472872,-0.6226578252920812
-0.6064100242245757,-0.051709608343174146,0.46155649799393733
0.05630297154631523,-0.0985561365198382,0.5688643742154249
0.3805043882185131,0.7773416501222595,0.32596840717145703
0.050811450881023186,-0.33954803929416594,-0.46249224052621407
0.10142663623344324,0.5921531492212826,0.6503718505532585
-0.04631273193429134,-0.5354756122603952,-0.0139831625056928
0.30350858777262407,0.38441987578152714,0.7726613765301596
-0.18623258876301652,-0.7600204944223515,-0.5110807745438014
0.12919290197098865,-0.3087806979683811,0.21064153301063143
-0.3187467564253767,0.38697688621087617,0.5490533240587959
0.68002428731895,-0.13409107007177992,0.5727967093450897
0.3716932285510424,-0.28902057592810176,0.5997299898963526
0.1940644253620357,-0.44710135426784786,0.8477866105516272
-0.4708613700628566,0.30458891970245106,0.7797251897431986
-0.5414099334584122,-0.06267472212483026,-0.14243654777122974
-0.055682972674254,-0.23459520227208341,0.6258232236713313
0.033393036910450515,-0.5242322604652567,-0.16937632087021684
-0.6133504286116505,-0.7257763187990843,-0.17087628519810233
-0.21506523541701184,-0.6903266995573537,0.3031641923258275
0.4706289602575505,-0.48405375637674,0.5111471529918278
-0.23694390659912437,-0.6567554956251718,0.6836215310721782
0.29727068885557745,-0.08432241931703015,-0.3813577279864857
0.21024734743049586,0.959046787280781,0.02864738837501521
0.3401610425205947,0.0525212987682113,0.6373500938139091
-0.025359061283213583,-0.44666989217121666,-0.6476458667810348
0.6728548336881949,0.06983145369484832,0.4511515965211255
0.27729708022176414,0.44088167878455947,0.8450310544584336
0.04565716365613316,0.07452267889299698,0.009207848664695066
-0.6519415820939966,-0.4235473783694529,0.04216112514320212
0.46030671226393083,-0.016593493778995137,-0.45118458015849516
0.38229083510107315,-0.33094471403731784,0.833872695727478
-0.40012020670781373,-0.17121038134698632,-0.07379838785320066
0.09483380979221379,0.9587302479550887,-0.195060208869247
-0.14026272853075522,0.46012730396089124,0.034908342530992766
-0.3127172112469464,-0.7539190812193262,-0.5680031384212443
0.6779897100328194,0.1949041051387048,0.0018754172848835387
-0.22853131063237261,0.4101728949761081,-0.21079452676405336
0.5337069334745692,-0.38635102545379363,0.23417778916419493
0.11817240661439184,0.3324527423290086,-0.15341474624566054
0.43402488570170383,-0.46174490458148215,0.2927686947051488
-0.11260458767019249,0.2999083034280088,-0.3302987662122193
-0.20596882279088766,-0.4768806551730383,-0.30769676888057224
-0.7179777683705345,-0.22617017015733742,0.28106506393793157
-0.3200195048905872,0.04569010287440255,0.06446903318573342
0.004042433663907981,-0.3242315801606527,-0.06505008632996367
0.3917977803766466,-0.4948392168881068,-0.27046871548372253
0.29763577478795816,0.939332872174016,-0.15847653086598917
-0.24373388950711647,0.39771469154060124,-0.6822107404228901
-0.638042071964755,-0.1069150837702852,0.007360071628014313
0.21630433343254946,-0.1411584630610118,-0.4664101640637868
-0.26259977276889324,0.283537240777059,-0.8853082007744776
0.8635542205500294,-0.25094637133405034,0.3119284383006098
0.1986869559263122,-0.04959636131527141,-0.30468485757294494
-0.7482256378344627,0.6432810224336305,0.11960676543537306
0.6834875847846442,-0.5397401753908426,-0.414518446095288
0.474638244223906,0.37320686079784016,0.2400359112255848
0.34106049676056643,0.19009485122286704,0.8796073229628842
0.27738538302131416,0.7589662109144308,0.0878839984232451
-0.20765234231495167,-0.4069333624183928,0.07280655598247834
0.1691202507365905,-0.21226290174438567,0.9229969395735866
-0.5184741621368026,-0.7848823541673363,-0.17350663380142256
0.7424866947673355,-0.19240736544423545,-0.6144789098413126
0.5187865686652257,-0.21325360396474213,0.268275663206759
-0.8224929706567043,0.05573883606701903,0.5637367379876971
-0.5344482200477216,0.4306265934129499,-0.35728587400720846
-0.3035789135137337,-0.4573165446959291,-0.6432864337300952
-0.7364794950704576,0.013554710245697104,-0.13612473298618777
0.2338432178453693,0.18515032675251702,0.7820091806249739
-0.7870018686821277,-0.1657034680725399,-0.47781676001054757
-0.278712358177424,-0.7224175278755249,-0.1206528114767366
0.8420972641913606,0.37947697722797086,-0.06296950337318874
-0.2765007826786529,0.3047958043047632,-0.15755878746276955
-0.24678609487308845,0.5528387665516933,0.5340166150438852
0.02668337761776682,-0.03539528365409689,-0.4138681035043415
-0.08058132058999334,0.8019967392489118,0.5909372045522322
0.2415521510285493,-0.06006638681720272,-0.22035889830620897
0.16064985556773878,0.28256751269255165,0.5460858915958469
0.2862755749134205,-0.07801247167293829,0.12940009250926932
0.19697513485213228,-0.6018094177986673,0.01832151818415946
-0.6259778984692939,0.7082616718911849,-0.15198147005988183
-0.11047475960559631,-0.4050852018306805,0.8197386817185985
-0.7085595291703555,-0.09302924416526992,0.4801759846809911
-0.7761972131496518,0.3837558344381436,-0.040927326535414164
0.29421182906456084,0.3169475184981748,-0.10715634746215882
0.6117378931095467,-0.6196458301409966,0.48836472824355875
0.04395486061595917,0.8401234442781654,-0.3837698371533561
0.22648611108762137,-0.153362128951818,-0.8368444838828182
0.31217929252075893,-0.0027245447616184824,-0.8543868695963605
0.27795482753561984,-0.019962107206146606,0.2726317071579377
0.6667259546573311,0.40095188803064613,0.5160785209941036
-0.6752280490316959,0.4529339171072187,0.09767545049926303
-0.05540031257700461,0.41497007328770746,0.05679654364734659
-0.02663078420438177,0.5639414188660311,0.19297798753324555
-0.5824466195088014,-0.2062542702021264,-0.04331753530229819
-0.2796274005678362,0.0026952472455803846,0.730759941445104
0.28746563066353975,-0.3167249188836328,-0.360135530479615
-0.572780338019202,-0.37377431209056705,0.489381505773017
0.44323050821793814,0.6456333715899487,-0.4758562384168609
-0.29370518501260284,0.35332567955418426,0.116828315895646
0.7499430340019373,0.028175024576802016,0.6230624048348568
0.5203716853598385,0.3395053693909418,-0.4537024596218061
-0.11283725215701539,0.3549401087321768,-0.4613865215027946
0.6422837965290425,0.30482145157150264,-0.09032093133126878
0.39155534746116644,-0.2507125393148054,0.718245704885548
-0.07493642862514019,0.2397646416084334,-0.5571114901732905
0.6140176966960098,-0.19769087082186912,0.24809370076040013
-0.9616722711799555,-0.21294136737671393,-0.018386017008681557
0.35120440757051297,-0.8050245684171056,-0.3140388490914829
-0.6089949539337655,0.6032130421070181,0.5094661539760623
-0.4281698135186219,-0.5075430661903416,-0.6980401514549549
-0.25925713978067755,-0.9362854294223456,0.16133554994567975
-0.3611506131755147,0.25677160429923346,0.7699197200804411
-0.37150418251510237,-0.46972445008817393,0.43062496730644934
0.06385511446996217,0.7705390215765588,0.5749959829226986
0.34347352405399606,0.06468494009024989,0.019528480944701537
-0.36986359817739967,-0.5335829794064557,0.11304674482823443
-0.7319640501130241,0.009090729209538918,-0.49815392109463347
0.40693504111665857,-0.7408913473706116,-0.20827219987299594
-0.07151522312017043,-0.2719417824717719,0.9150036136361491
0.4337169953001854,-0.4654705044822326,0.239925613963545
-0.41650397392172717,-0.6588529475141305,0.34287274963081477
0.2894428864480876,-0.008613739617915527,0.8849474233071394
0.8125624418060667,0.5077774475993084,0.26988938925697753
-0.6740700751446096,-0.3900871679999854,0.5334361848207954
-0.404869642861131,0.7874065235918577,0.05231116818539964
-0.6777361980434946,0.020643271895634408,-0.3626656033410028
0.7560085152389693,0.11226088381495694,0.2594740433669707
-0.6048068655448778,0.5267557083733504,0.518624583442939
0.8630102332603404,-0.3296773402716305,0.16801378358945715
0.43764833858040864,-0.6117635386156214,0.4383685749229337
0.36625213434493065,-0.8221170855235372,-0.20919780519871115
-0.6189067890772348,0.18198120143007482,-0.6054124654639733
0.426133341590011,-0.04323104798718342,0.4588477849507752
0.7954695401905612,-0.08189655061158811,-0.32524741726250844
0.3966318976761168,0.030627205514841473,-0.841304018913761
0.4088789775756022,0.6765766724631139,0.6013052092526505
-0.4084648726354408,0.3986872628024023,-0.08753465780930356
-0.16035335371817136,-0.6386275585083275,0.6654957322000867
0.03714493297281938,-0.25057676189630385,-0.22982592114206898
-0.23436575956253053,-0.2700691205869708,0.1925867109811662
-0.1233124870256905,-0.7398849400598121,0.5809350327405235
0.8829124494533814,-0.3404971653990118,0.22676634444383093
0.32440950621514003,0.0613812051342688,0.3398986779734397
-0.2273503084893948,-0.8048636022400277,-0.265763306584333
0.13183749870770467,0.7259253209178382,-0.5875605888742048
-0.7258301883639555,-0.4435004769848705,-0.32725056398888974
-0.735470437268224,0.09480433160673099,-0.2574494837787944
0.6596256067943315,-0.4172386668734673,0.48622024687520427
0.1356673769997983,0.41733008045654985,-0.24675901158920993
-0.015925826089720183,0.26794167619082015,0.6908362119732111
-0.3215926287612658,0.2747183494869778,0.6092768636106524
0.09687010412196115,-0.4634384682166985,-0.09042146020800793
0.4480790571219149,0.6567925753394523,-0.11357275508836676
0.6366581270495761,-0.679952844925659,0.18506020128948558
0.17740187934323257,0.08639095398875736,-0.5622376537298043
0.16555471240191547,-0.6125458884575062,-0.5825656420616395
-0.3168486835318001,0.8376668446457735,0.07905560025693253
-0.7956868142832261,0.20750919532737527,0.05456419706545225
-0.437266012675698,0.8775204756007603,-0.017761182033517123
-0.21920405664248369,0.7533181471638464,-0.613402387884777
0.4131527346373268,-0.37081141110074595,0.19135948062782532
-0.3622956289994223,-0.17638919402783476,0.670646748457996
0.24278380150040071,-0.364615862742318,0.2654125862759553
-0.4243486124120821,-0.8736633692134913,0.1495931128046937
0.17756125333521944,-0.24786015979768894,0.27517286898001525
-0.5053003321327364,-0.5372997338660312,-0.4249148525864664
0.45498481244576755,-0.11148247285586736,-0.6845078724174852
-0.2988773342041792,-0.1452379607182828,0.8769503463190842
-0.11396625777975032,-0.11911144882190514,-0.4189035497644206
-0.5419014143892018,0.6147962956524728,0.15237624717633874
0.5608224776227301,-0.5784716066414196,0.28494060916818365
-0.6689341759464502,-0.6835374444329352,0.282103608577952
0.260890931139718,0.007931112910163069,-0.814966913222013
0.5326505327452642,-0.6024878568795597,-0.5758901462963086
0.12207747919211377,0.2520527048636879,0.9344280559769912
-0.939240105965652,-0.11830359930930032,-0.04020236243192639
0.5142177619993045,-0.6604708752158416,-0.015051508679900799
0.6520073613703177,-0.002110544649239928,0.5996623140950234
-0.7132744194633159,-0.2434006133038828,-0.3244841751934297
-0.2779964046565598,-0.09379017064437165,-0.33256510652176535
-0.012579638910557845,-0.6899588564179634,0.11253106974716028
-0.1459471415742628,-0.792987871691759,-0.010761324220021705
0.2624530095066793,0.25173704954125864,0.18626738985908112
-0.6507982308478727,0.5090613516225998,-0.18443332505524312
-0.3403258235620834,0.04847040713470371,-0.7451264600932377
-0.4131172467838392,-0.25055615369095746,-0.663253770841058
-0.3737156564113125,0.6678550694517617,0.395610536222954
-0.8821720804305004,0.15015749499372374,0.41169684276962426
-0.40408740135087723,0.3296843411971207,0.11946505832563184
-0.0867871665311649,0.5815119394119815,0.16150942717888425
0.4018871455183637,0.7440439196970086,-0.15442385747207615
-0.6986642027095934,-0.03400813294206776,0.10329010201413812
-0.30768916462946483,-0.127096262742782,0.08746019038712957
0.044618779291075134,-0.7298504694332977,0.6517852382872761
-0.8177778738682402,-0.17335341724821432,-0.05546246385049017
0.376484032653948,-0.29305198825397905,0.2555885447576045
-0.20579225217222966,0.4539423820635984,0.595749210929202
-0.5638924051228033,-0.11279898458713752,-0.1263207187359812
0.8277624064652667,0.20602346934973595,-0.44098559732048154
-0.9074069004640236,0.13875521676958857,0.3245396762767257
-0.7071690567101402,-0.5056695460545733,-0.31938577910258886
0.18620587205101194,-0.48925018444389146,0.38783256264225546
0.09778817265870454,-0.518865195798135,0.6809610034654023
0.017427630590645973,-0.0016885200521707085,-0.05959765499473399
-0.3949174353859023,0.1233578152387714,0.6882004251074549
0.47087277621351675,0.6371202807691381,-0.5018437552143235
-0.5805498869064547,0.4658813119726023,-0.42407288295278894
0.14196425539180454,-0.6364554998771582,-0.6754455963355247
-0.005929316745378744,0.2737707328919055,-0.41816402259449875
0.7523654892176618,0.13603186308121662,0.463831866198992
-0.00516525601461323,0.7235792691523346,-0.06855913673160755
-0.625701478708828,0.25187792310958174,-0.5390365966971389
0.4009308132710618,0.15294171258111933,0.18840429977473472
0.3650744653912866,-0.8857929847481122,-0.15015955570257816
-0.5980337575440684,-0.40839132343876533,0.16680038205561226
-0.32834059851110386,0.001815586341741256,0.1667702772946327
-0.8540811295935702,0.0019495866855849832,0.4457951486112993
-0.7452623579343282,-0.5889767534470424,-0.028187555415958052
0.1860810271382235,-0.33281331515087376,0.26504120464893943
0.4183975412951278,-0.48995041181460397,-0.17346142133655407
-0.09532215410911347,0.20486619281263255,0.650740233228538
-0.6203847241184747,0.14986463520395954,0.28181605269993604
0.09782575351948247,0.4124936499198201,-0.7688286223247742
0.30007166043224626,-0.3363794571960694,-0.380592976963002
-0.3294655152081582,0.804328367077457,-0.15769399364642545
-0.3846355952283908,-0.2931111814128603,0.8391457686124765
-0.6415927565369417,0.5036591720907435,-0.1436914952197122
0.5188111672417325,0.28325104345572055,0.49778709387921205
0.46851905692213364,-0.18570854566701483,-0.6260149608059263
0.7501500816215492,0.05333809178313288,-0.4211486264454035
-0.43723823784119337,-0.3331078654876469,-0.6214757592142999
0.3921466094069267,0.21019162131923444,0.8687448821110542
0.16634973931534963,0.3957345802307818,0.4819005608308223
0.45515387276658015,-0.3179340048911838,-0.41007597155668335
0.5507612212573608,-0.3379806346048636,-0.6234953478462881
-0.24354210318405783,-0.10799377991407726,0.4958873519335891
-0.6335438564628169,0.34962716403330396,-0.39719948401640925
-0.8089300437459316,-0.06643085213672056,-0.07208632324941139
0.3354447330567036,0.02402937945789833,0.7285977847168544
0.578135961981386,0.057407708623434174,-0.27953997482384946
-0.31440363800985677,-0.12388367486076252,0.23021566625658607
-0.4539150251197006,-0.8033178821106453,0.2266509843635199
0.16425070579933349,-0.5671840756571424,0.2302025055677701
-0.46247826871476805,-0.18687856426728017,-0.43270539884633563
-0.10794186814624264,-0.12903240489450857,0.7161269910506779
-0.4556909634826001,0.38592533892237213,0.2910935540247199
-0.3808641995209007,0.5467608389015973,0.22998316648786946
0.45851263390627855,-0.4800495161877922,0.5449786889242791
-0.6967320851310905,0.6631900120048755,-0.09512797157503096
0.025914572523606523,0.5472865503094706,-0.6306519835500862
-0.6638577806406321,0.03983394961175578,0.6177409130290719
0.5331159573669358,0.06314998572225315,-0.13594791009833268
0.3974340822976662,-0.07923923184077845,-0.1988567114357097
-0.016243708057387646,-0.22922437698966033,0.9703199281207244
-0.28450702924791027,-0.015984841524805254,-0.21546011237549262
0.5100582519299312,0.41262148202258764,0.7268896635315225
0.766108644937979,0.028148855423428765,0.5754300621069139
0.32269745031379593,-0.361746967928296,0.15402441382097895
-0.5280656646163051,0.5523522651492371,0.15056646694643971
-0.2693168664348299,0.032666330017310126,0.4477493134761062
-0.5224901006867595,-0.20572053128389448,0.7588695517629289
-0.3763891090557661,-0.26698005271003017,0.471996457644057
0.2265776812692556,-0.6070753360578677,-0.3595353765025968
0.07452045909501492,0.14779654624814909,0.5453538596885469
-0.3260289889520077,-0.08098789677928032,0.03952022428003889
-0.4678012383214047,0.5396043361731709,-0.2793694896480862
0.41878991437430313,0.8147217269951543,0.1987075424405815
-0.28920773533450844,-0.6406512406783922,0.5309753551196194
0.28428617536902345,0.7343182338179961,-0.131513833963073
-0.14933088615211043,0.011376153079504875,-0.8635260645584328
0.879347784484144,0.0508314528245779,-0.23872155400350634
0.2013709466135675,-0.15901926854514153,0.41232892898375334
0.32578567834195477,-0.09223490681917626,0.5232042974201261
0.3712648099660746,0.08905051977468689,-0.3104587186742193
0.058996082314441506,0.10869617974998626,-0.055224705821933416
-0.8003015465225981,0.26400893324387337,-0.3731806726770286
0.7083595009229033,-0.15637610870954274,0.3964182312080406
-0.6295866133322414,0.18073666002866628,-0.16092586802088343
0.06480766754541202,0.5684833581207305,-0.2501364969545089
0.07624828055146739,-0.13597043680032125,0.2648874978570039
0.21458442962558916,-0.8796137668813814,-0.028330826662017958
0.11337453084846942,-0.8051065729751258,-0.34439000330096287
-0.7936582679407015,-0.19266769882270401,0.16730650254362464
-0.058580958355798414,-0.34498342435112445,0.3121048529286197
0.47347183755026706,-0.6532088831840879,0.3517965115484218
0.4927577617028302,-0.48153146776859673,0.06708466236300796
0.24494550831629755,0.22835609824157674,-0.005890425367486727
-0.38815420820608015,0.29311550700167305,0.04788275536128713
0.7611547553254923,0.5520502295884703,0.2332690037878916
-0.3344884500150127,0.6220898219200435,0.12652843703812475
0.6893471693503075,-0.6254153466188236,0.20567408887496363
-0.06727670228638008,-0.6318460775524762,-0.08322053044165274
-0.18482227204941626,0.6072475333467149,0.6417123408167738
0.5635631601606302,0.48902265915597715,0.2836470333715862
-0.052966986982324306,-0.2527874275428976,-0.7052701919496457
-0.6620262429300431,0.3368304212641766,-0.25807457106145004
0.26057647815081453,-0.18894470658201123,-0.9216211375703922
0.20172394533714216,-0.3080638425129366,-0.8075571135157763
0.024440057548644947,-0.02791602001207375,-0.7123076012713023
0.7416389536059048,-0.6257985638628979,-0.1484720074563283
0.06524663915900808,0.2109974002496014,-0.9214155987911227
0.02016820728211206,-0.43077612808457727,0.6894445608825306
-0.42855967115752275,0.6663328967517556,0.33855435604027945
0.5855179331656574,-0.5330932931316007,-0.5119346964938692
-0.24837361145338,0.1473327238891035,0.015074400528540725
-0.04979071064594202,0.057368991777884064,0.13732361201295779
-0.9074687763606799,0.3610971807451674,-0.05130215887454714
0.28575848305778107,-0.030285020904091547,0.046944890844531253
-0.14362871293445673,-0.34137935058556335,-0.11986088838191598
-0.46169680835366184,0.4165435272066762,0.2653942017285773
-0.8120713411178264,-0.3264550281475018,-0.00024044468161328424
-0.008104583223234839,-0.45409181422599915,0.7285959661418545
0.4215782018632515,0.2510284710764617,-0.2741074530708379
0.7459975843057484,0.5396180530893421,-0.13040856875489304
0.5529707413696885,0.19132805594546368,-0.4854563997326455
-0.12118275624281219,0.06658593439840949,0.4413839134745833
-0.2597372764421792,-0.36514553497010777,-0.4289475826233308
0.4580296875968233,-0.825127589317012,-0.3182469924812761
0.349235443012623,0.7872067781201157,-0.1941807950403551
-0.5181868641211523,0.19498722968839746,0.1590464346537198
-0.835346250111389,0.36219658522622183,0.21762777610770281
-0.7314935071533366,-0.6151411009564782,0.039700300727141244
-0.14195897253862796,0.23724829030856132,-0.11441576483364121
-0.5174816601903318,0.5950627683128712,0.3424808680818387
0.27100014073356754,0.7637715453787317,-0.5692791931530613
0.027071528087800594,-0.4746365011482202,0.614027038525343
0.05340635604797435,-0.78769040168282,0.2599462652084254
-0.35580398141088754,-0.4931840968375465,0.28087785418045197
0.2754635594012425,0.3921416750570721,-0.7379345401015835
-0.4776163554211085,-0.3535488570145931,0.357746684807723
0.23719306621022854,0.5283334452017071,-0.44608010369615875
0.3845490401704581,0.3669799825212133,-0.45932397521249424
-0.37773108560384644,0.7054407623051433,0.0718917369937153
0.46346155545082574,0.025804539791384598,0.6653776214209378
-0.5439927789764245,0.23318546719586208,0.46164892926920525
0.26687632087765223,-0.49156832757338575,-0.2816094129049835
-0.8327108959245181,-0.07511354423074369,0.12148806312856562
-0.4001284301971443,0.02789301814993166,0.8411741350787443
-0.034298931793111054,-0.09040191477755444,-0.6289847031060667
-0.1420491101388721,-0.40059961662013926,0.14160063695437566
-0.676080941085738,-0.2877703302825338,-0.1669399010197885
0.05673311714401452,-0.3072340460232001,0.27250991645482553
-0.4601811796558853,0.6575521020707088,0.4587918077993768
-0.08059872055964942,0.4488097824720766,0.07733475941846389
-0.8713342847681749,0.13026736843880996,0.2607080374181798
-0.5644226559435879,0.24903129966066745,-0.524227386954054
-0.041889266037598884,-0.5156092152236403,-0.520157410200238
0.494620249507754,0.16645689838395278,0.6494913216042402
0.13994931973130123,0.2121715098840928,0.16738221948342105
-0.3739463965710803,0.4644470753792242,-0.28542799660030843
0.6008171277069768,-0.23023527831018173,-0.4141429105635716
-0.008587898280628788,0.006662614339359079,-0.43687050459948673
0.785993880644798,-0.2292655328477134,-0.39463454892844
0.47050110417591423,-0.5190467754805365,-0.3447608927926589
0.05056487091815333,0.1199535582633912,-0.15188822835169447
0.2889856732966769,0.5484525431173172,-0.49240749365619885
-0.5331418570887512,0.27305684416839965,0.25369393334629253
-0.1157978136899459,-0.22388000826728416,0.10962402192057469
0.30366763941934405,0.5402120541103828,-0.24905294439710862
0.14834584089636443,-0.03665033287883377,0.8901339566059039
-0.4989214717368687,0.6221710576312691,-0.22981994336457523
0.1425115792622988,-0.7977678444509974,-0.38817381371176624
0.21953356104200955,0.8380935752005033,0.3382896944808605
0.365856958624866,0.25873348801640056,-0.26033069256273134
-0.3211954041028669,0.4929999177622001,-0.339645807305213
-0.6420384566157865,-0.6230826983811926,0.35274187357693026
0.2987119474028325,-0.7117276479072566,-0.11483385854716911
-0.11563148022755555,0.026321622354917855,-0.5616576396358611
-0.803352207456484,-0.0030389602315602096,-0.08811945095765801
0.15824342760335258,-0.59161422266476,0.4693144998918961
-0.06843603520774814,-0.3872257559164706,0.32962313879733973
-0.2205144693699882,-0.07470168879681319,0.47546856069152577
0.3481241540691661,0.668597695441655,-0.6027034617293889
0.5134224755503881,-0.06253611685720964,-0.15417574956998112
0.4432335782628683,-0.10038033149257995,-0.856578054378191
-0.2773267824929668,0.8318716973610308,-0.3186592537495828
-0.09539180846823807,0.2644377465944755,0.02545633187688157
0.8295470589036318,-0.21428937094921377,0.27943851457679625
-0.00429110100065368,0.8849651963448717,-0.05570474108293006
-0.11627206100075103,0.00474860976062015,-0.5765178723019501
-0.5292816598494525,0.27930454653821707,0.518169964251031
0.4518679750276234,-0.6332019568509503,0.37667141843099483
0.5232621211935834,0.6968445681081188,0.1561367261510383
-0.34428880507986936,-0.8836437502458996,0.13354329339703622
0.527381810919746,0.2835753243402871,0.3313075885188732
-0.4592808845726418,0.23094265527783908,-0.19212149245234506
-0.15193360916318177,-0.09703278454119811,-0.8770016694625725
0.4591410058335451,-0.34756460884270424,-0.40363021652885606
0.35225307311666726,-0.11092594550654003,0.6598684888221243
-0.5428322592262866,0.1731868005714291,0.19696173906671474
0.33327469736607285,-0.708881241534033,-0.3072079652271482
0.12780746880710722,0.15615079755537206,0.5071393535282539
-0.15333192270958818,0.2786476159312933,-0.39820863213597824
0.32367481724936215,-0.06788167710030696,-0.7705269356292866
-0.07119939197787883,0.543197953228608,0.3312274114804586
-0.5132315032548376,-0.51740795808897,0.6000452250522286
-0.4535072581146528,0.8684314824051266,-0.09538450595913278
-0.23490098901738812,0.4332799135018625,-0.6853183808044444
0.6383988628418056,0.15905124519843358,0.14176862553592356
0.35640086971641,0.021822589648552253,-0.6288883490664876
-0.03156947888131885,0.5531991208343816,0.7192932654230287
0.5164618760256828,-0.8172724613457273,-0.22907548599124988
0.38836036152434095,0.41580059307132067,0.3215334537078113
-0.00222984512388765,0.9104215457498522,0.014053581531920255
-0.24544892627176104,-0.9423379144903775,0.21912220404143473
0.39737688043977965,0.8107707390014487,0.026101489274204623
0.1699010754938841,-0.058786176149510455,-0.8554565613710835
0.8034720005780004,0.3565450639375282,0.4739415489661969
-0.5205195836425757,-0.41096414664925546,-0.2957771533795034
-0.9505489249911042,-0.09666630208174481,-0.08711235111572813
-0.34090426261429435,-0.4201447123546236,-0.37829454506393906
0.3208277271614054,-0.10520108989974158,-0.38042676334777326
-0.27144989551204257,0.43530230282362026,0.03471040777577723
-0.4304189575378469,0.056750618851502115,0.2920651027083529
0.3696038766206136,-0.387587451462165,0.6014829651235013
-0.1226167891820228,-0.30578559583591863,0.09485626109625274
0.5178857859962159,-0.011508689412563961,0.7781083760305174
0.3706798712830715,-0.5574798877031666,-0.6326239089752135
0.03580464259381788,-0.4455661268917825,-0.5409270885176559
-0.2311247537694201,0.010599543476411618,-0.9562755735802667
0.7895613832593263,0.11581771515745896,-0.47551891511151145
-0.3183869586633923,0.853928133575631,-0.25634405072136945
0.2953675368803747,0.17574391890613877,0.8362198696060452
-0.8660525690908742,-0.03450922509764497,0.40083116957501713
0.24077155808876766,0.8992638182403353,-0.05759519653739859
0.21874292613697796,0.1584468131567086,0.24127883572199726
-0.19902222949259812,-0.5215009357108483,0.810428595555194
0.29786978826430266,0.18739132157264254,-0.9007525676671178
0.07375063512023805,0.3486507627434113,0.8238006097018736
0.2595482157057676,0.4741208491841855,0.005390556707466558
0.2220892343701044,0.13297175006564269,-0.736821398438678
-0.43875048392130533,0.2646879661006253,0.6354346303323384
-0.8360745727669899,-0.34460008109063944,-0.1550136419941409
0.36828568616658464,0.5703844173157351,-0.3337459985964464
-0.14237770824575346,0.27452978372307235,-0.15466344873830895
-0.8878051100586793,0.22831752382086737,-0.14684716910066167
0.08436767689459515,-0.08033352117122607,-0.5010317720424172
0.46907704921543525,0.30353214833408565,-0.8115822081531348
0.5235065623020334,0.4981824149195542,-0.5182239837331256
-0.357887895303244,0.0021927746451256033,0.09211005415257731
-0.410038655202348,-0.6026529176163088,-0.4502958156829118
-0.8058644694790452,0.08606847082290771,-0.4670920872068747
-0.27256681470312083,-0.5409382984852639,0.06397006586620858
0.4470407841754311,-0.2044979167425688,-0.258881128294658
-0.4484611598099428,-0.38857004914815757,0.33964679862552155
0.6142228981386592,-0.1932965698079198,0.28874818774617916
0.16512499801212305,0.5174535903590719,-0.4282900783390788
0.027101138486407994,0.4973327060464553,0.23428208255445965
0.5174417185708808,0.4559602958262154,-0.2645540169018396
0.4989688902844252,0.04395484491614709,-0.2882230093974452
0.18959348686116337,0.28473220915394487,-0.14772224535312514
-0.18835028706802698,-0.25510714112248734,0.7136373293773326
-0.01815403196111565,-0.21627680376934322,-0.9127053847910881
-0.2401792911487378,0.7674016410689144,0.271534896096176
-0.7929963132254708,0.5330538726600533,0.25661190369434944
0.5388621268763243,-0.1662286082535302,0.6848480499600157
0.3392257063319505,-0.02772167246674979,-0.8932327379566593
-0.45686774300751576,0.24076699541131347,-0.3258490916686687
0.46076787515413825,0.14914078764649957,0.5571609499503181
0.16701394392168395,0.7820181367688855,0.11361159566903851
-0.5322998549691105,-0.29807351895978734,0.12081941453616797
-0.9726928046972797,0.1723835083584216,0.10771907928601472
-0.6253806452330378,-0.31036874210383036,0.3649374231905464
-0.8434633187428667,-0.3358585719562294,-0.3887807972601607
0.043965274299796624,0.36344463041013375,0.670601559210797
-0.11443403830791192,0.8139239130202979,0.36317950111313213
0.27381193464503306,-0.10842802068159041,-0.1665168138344124
0.2422834457260047,0.4904716956683282,-0.3162311576686776
0.5510410428296669,-0.6177868156378173,0.3323568328380478
-0.9080208759116298,-0.38551126012416687,0.10845797995014667
0.08361918259003026,-0.39873044350946013,-0.6908841982696535
-0.4568691525988206,-0.11080990810761197,0.4247535131291964
0.6775642816214447,0.08675167575712577,0.3944374180355792
0.4569563242815796,-0.6177984557674618,-0.40469552473219045
0.5026617960526344,0.4604154602136758,0.5609889045832452
-0.16094420230065348,-0.7946921698236975,0.44870883873971396
-0.37859394304827126,-0.4118006225765079,0.037967359977878215
0.24833083301913336,-0.27383266930905326,0.31402721873939604
0.49991950763471865,-0.28000950550283177,-0.6832522224724815
0.26798837140270476,-0.33500543179896897,-0.8799140078108431
0.4837026585108565,-0.07860045350129659,-0.5058127337270804
0.08582676359058457,0.8116348395873447,-0.026901786584238706
-0.19597135335682306,0.25721715904397285,0.4087563510185425
-0.0971036444290356,0.5547493475002473,0.20078800976001665
0.02021248454908396,-0.6832843210372351,0.18638711316036713
0.5518126508220442,-0.4311860535189981,-0.006107550503399448
0.09556039291311443,0.5279654562906865,0.3908611758953244
-0.6475699856760785,-0.01529342218133545,-0.3495890852452476
-0.12049752336097132,-0.6789994018457451,-0.007288846752619425
0.02884325999610577,0.7474819950490901,-0.13575374757281633
-0.12119550822781035,-0.2575285033044936,0.06601263329160753
0.1515582957960069,0.9717012656936489,-0.05216009461292769
0.5720518674237973,0.25666813113250997,0.36897707688850245
